{
  "name": "_temp_investigation",
  "model_type": "linear",
  "created": "2025-11-27T20:09:48.345309",
  "elo": null,
  "weights": {
    "material_diff_students": 0.002625326666126543,
    "my_master_alive": 0.0,
    "opp_master_captured": 0.0,
    "master_safety_balance": 1.0715921240893016,
    "legal_moves_diff": -0.19027978418532998,
    "capture_moves_diff": -0.4001560156121444,
    "master_temple_distance_diff": -0.2386182611535326,
    "student_progress_diff": 0.13665882628745626,
    "central_control_diff": 0.147010008466097,
    "card_mobility_diff": -0.04449434424175624,
    "master_escape_options": 0.17991351434030026
  },
  "bias": 0.20620146313964996,
  "normalization": {
    "means": [
      -0.00450567541807469,
      1.0,
      0.0,
      0.07936920544146954,
      -0.7421800537215146,
      -0.0447534875660688,
      -0.19560696646737719,
      -0.0007040117840741692,
      -0.10571007711636773,
      -0.7421800537215146,
      3.732865436270687
    ],
    "stds": [
      0.07830503679064443,
      0.0,
      0.0,
      0.5874889035865862,
      3.889284820329059,
      0.5400825675444688,
      1.088490777023996,
      0.043864611061918614,
      0.6658018200577642,
      3.889284820329059,
      1.5715449128329684
    ],
    "epsilon": 1e-08
  },
  "training": {
    "data_source": "4000 games",
    "num_games": 4000,
    "gamma": 0.97,
    "lambda1": 10.0,
    "lambda2": 0.0,
    "val_loss": 0.6243023506284039,
    "train_loss": 0.6238129920192796,
    "notes": "Re-running to see full CV results"
  }
}