{
  "name": "baseline_v1_elastic_net",
  "model_type": "linear",
  "created": "2025-11-30T12:48:15.933422",
  "elo": 1006,
  "weights": {
    "material_diff_students": -0.027810198132360797,
    "my_master_alive": 0.0,
    "opp_master_captured": 0.0,
    "my_master_threats": -0.14396785992724614,
    "opp_master_threats": 2.9990016538381945,
    "opp_shrine_threat": -0.3603643057523256,
    "my_legal_moves": -0.12638336076528575,
    "opp_legal_moves": -0.06658698369499039,
    "my_capture_moves": 0.21520524096626978,
    "opp_capture_moves": 0.05416721429962557,
    "my_master_temple_distance": -0.07267151555539943,
    "opp_master_temple_distance": 0.04758440222262634,
    "my_student_progress": -0.23742679964704158,
    "opp_student_progress": 0.3037964149975509,
    "central_control_diff": 0.11451493655865831,
    "master_escape_options": -0.01797910405512105
  },
  "bias": 0.9409099486091976,
  "normalization": {
    "means": [
      -0.012296718972895863,
      1.0,
      0.0,
      0.2183737517831669,
      0.2440228245363766,
      0.03001426533523538,
      12.47469329529244,
      13.257517831669045,
      0.27503566333808843,
      0.3620256776034237,
      3.711669044222539,
      3.5067047075606275,
      5.481093675701374,
      5.474417498811217,
      -0.1194864479315264,
      3.8668473609129816
    ],
    "stds": [
      0.19955014415427152,
      0.0,
      0.0,
      0.5128468640430537,
      0.608636669754868,
      0.17062651966100634,
      3.002585918090951,
      3.0565737676197817,
      0.6514475531943104,
      0.7667716969799567,
      0.7060393106318549,
      0.8683847039847927,
      0.10717067211726321,
      0.12300136809095741,
      0.7356732581971416,
      1.6452722795910564
    ],
    "epsilon": 1e-08
  },
  "training": {
    "data_source": "6038 games",
    "num_games": 6038,
    "gamma": 0.97,
    "lambda1": 1.0,
    "lambda2": 1.0,
    "val_loss": 0.5465181385625066,
    "train_loss": 0.5455629070936863,
    "notes": "Elastic net trained on baseline_v1 vs heuristic (2000 games)"
  }
}