{
  "name": "baseline_v2_term_x1000",
  "model_type": "linear",
  "created": "2025-12-03T21:48:39.214974",
  "elo": null,
  "weights": {
    "material_diff_students": -0.03812632205119208,
    "my_master_alive": 3.9451269692647637,
    "opp_master_captured": 2.8624516122774173,
    "my_master_threats": 0.21198571501380092,
    "opp_master_threats": -0.29590681947394565,
    "opp_shrine_threat": 0.294655549461081,
    "my_legal_moves": 0.2808289978022264,
    "opp_legal_moves": 0.018714093459882977,
    "my_capture_moves": 0.05454373479688096,
    "opp_capture_moves": 0.04412433853212454,
    "my_master_temple_distance": -3.056662376127744,
    "opp_master_temple_distance": 2.847911534355602,
    "my_student_progress": -0.0319959951763778,
    "opp_student_progress": 0.08892439438217896,
    "central_control_diff": -0.9456206167293362,
    "master_escape_options": -0.7600506331502511
  },
  "bias": -0.23703247189897245,
  "normalization": {
    "means": [
      -0.026730462519936205,
      0.9549601275917066,
      0.04503987240829346,
      0.7803827751196172,
      0.1142902711323764,
      0.03352472089314194,
      14.112822966507178,
      14.80287081339713,
      0.4162360446570973,
      1.0461562998405103,
      3.5833811802232853,
      3.520988835725678,
      5.295552897395027,
      5.223673577884119,
      -0.14274322169059012,
      4.620861244019139
    ],
    "stds": [
      0.6902741953959479,
      0.2073916157942499,
      0.2073916157942499,
      0.8466640684894079,
      0.4246585253012621,
      0.18000226104738237,
      3.516304902142598,
      3.555195858985988,
      0.8328107296547238,
      1.05516443663041,
      1.6740018006398734,
      1.6950033459491336,
      0.4522501973459845,
      0.4958442299706312,
      0.925454741154248,
      1.8936775251514295
    ],
    "epsilon": 1e-08
  },
  "training": {
    "data_source": "2000 games",
    "num_games": 2000,
    "gamma": 0.97,
    "lambda1": 0.0,
    "lambda2": 0.0,
    "val_loss": 0.005890057922815913,
    "train_loss": 0.005033249556898194,
    "notes": "Terminal weight multiplier: 1000x"
  }
}