{
  "name": "baseline_v1_l2",
  "model_type": "linear",
  "created": "2025-11-30T12:50:01.388903",
  "elo": 900,
  "weights": {
    "material_diff_students": 0.4782378038662077,
    "my_master_alive": 0.0,
    "opp_master_captured": 0.0,
    "my_master_threats": -0.0447740448471881,
    "opp_master_threats": 3.106212963516094,
    "opp_shrine_threat": -0.3804779041526037,
    "my_legal_moves": -0.1089646149913796,
    "opp_legal_moves": -0.2536108514829906,
    "my_capture_moves": 0.20926707405134407,
    "opp_capture_moves": 0.05387601998157395,
    "my_master_temple_distance": 0.01877870442901679,
    "opp_master_temple_distance": 0.03937433452529327,
    "my_student_progress": 0.15625725478267585,
    "opp_student_progress": -0.2906836156052848,
    "central_control_diff": 0.17969022884675362,
    "master_escape_options": 0.13777993746076173
  },
  "bias": 0.862343971199452,
  "normalization": {
    "means": [
      -0.020531015116611456,
      1.0,
      0.0,
      0.3769232062686015,
      0.17933110255418608,
      0.034016579509340686,
      12.83585276857628,
      13.675959711456004,
      0.3885423147416388,
      0.6181500227001395,
      3.6673168435035564,
      3.524625447697197,
      5.347345765162859,
      5.280230420429005,
      -0.1584806039918616,
      3.865547914109398
    ],
    "stds": [
      0.6561975887806857,
      0.0,
      0.0,
      0.691323773840607,
      0.5172355775211085,
      0.18127176235660147,
      3.525789974965641,
      3.5261972936614447,
      0.8033717758974037,
      0.9902720735559243,
      0.7171111155994518,
      0.836519190617697,
      0.4009022978549498,
      0.47917638625109304,
      0.8436611039014703,
      1.775644542054965
    ],
    "epsilon": 1e-08
  },
  "training": {
    "data_source": "8038 games",
    "num_games": 8038,
    "gamma": 0.97,
    "lambda1": 0.0,
    "lambda2": 0.5,
    "val_loss": 0.5362157461295745,
    "train_loss": 0.5354375625311973,
    "notes": "L2-only regularization on 4000 games (step 1 + step 3)"
  }
}