{
  "name": "baseline_v2_terminal_only_x10",
  "model_type": "linear",
  "created": "2025-12-03T22:02:32.735827",
  "elo": null,
  "weights": {
    "material_diff_students": 0.0,
    "my_master_alive": 1.7479275785130088,
    "opp_master_captured": 1.1703056436179113,
    "my_master_threats": 1.2964016119521384,
    "opp_master_threats": -1.7556908644995188,
    "opp_shrine_threat": 0.9536315730495106,
    "my_legal_moves": 0.07324001506276433,
    "opp_legal_moves": -0.2862820384631395,
    "my_capture_moves": 0.0,
    "opp_capture_moves": 0.0,
    "my_master_temple_distance": -10.748029337325137,
    "opp_master_temple_distance": 11.36794511164286,
    "my_student_progress": -0.13880984826533505,
    "opp_student_progress": 0.09239814827065726,
    "central_control_diff": -4.117245160021463,
    "master_escape_options": 0.0
  },
  "bias": 0.09093982770482402,
  "normalization": {
    "means": [
      0.0,
      0.6418061897513953,
      0.35819381024860475,
      0.539066463723998,
      0.539066463723998,
      0.0715372907153729,
      14.002536783358702,
      14.002536783358702,
      1.13013698630137,
      1.13013698630137,
      5.011922881785895,
      5.011922881785895,
      5.112358362929139,
      5.11235836292914,
      0.0,
      3.2356671740233383
    ],
    "stds": [
      0.910227139208561,
      0.4794695032514353,
      0.4794695032514353,
      0.9327302580563441,
      0.9327302580563441,
      0.2577202102134656,
      3.930973888990275,
      3.930973888990275,
      1.2692195421103951,
      1.2692195421103951,
      3.9317632119036996,
      3.9317632119036996,
      0.5756096133339429,
      0.5756096133339432,
      1.3433792023773519,
      2.668571674733394
    ],
    "epsilon": 1e-08
  },
  "training": {
    "data_source": "2000 games",
    "num_games": 2000,
    "gamma": 0.97,
    "lambda1": 0.1,
    "lambda2": 0.01,
    "val_loss": 5.366922514623709e-05,
    "train_loss": 2.3945670469023303e-05,
    "notes": "Trained ONLY on terminal states with 10x weight"
  }
}