{
  "name": "baseline_v2_dual_perspective.json",
  "model_type": "linear",
  "created": "2025-12-03T21:31:32.363022",
  "elo": null,
  "weights": {
    "material_diff_students": 0.18130481598782336,
    "my_master_alive": 5.0834895765755865,
    "opp_master_captured": 2.9359327664860366,
    "my_master_threats": 0.13002861144329422,
    "opp_master_threats": 0.2988366780100084,
    "opp_shrine_threat": -0.11953773014802606,
    "my_legal_moves": 0.008013044011223719,
    "opp_legal_moves": -0.024323123870335576,
    "my_capture_moves": 0.17641952343280912,
    "opp_capture_moves": -0.10619502148498886,
    "my_master_temple_distance": -0.5712942991272664,
    "opp_master_temple_distance": 0.7506814618582595,
    "my_student_progress": -0.06408101820173087,
    "opp_student_progress": -0.010520589441695791,
    "central_control_diff": -0.10804211836171612,
    "master_escape_options": -0.11610791586031466
  },
  "bias": -0.41844625761598464,
  "normalization": {
    "means": [
      -0.026730462519936205,
      0.9549601275917066,
      0.04503987240829346,
      0.7803827751196172,
      0.1142902711323764,
      0.03352472089314194,
      14.112822966507178,
      14.80287081339713,
      0.4162360446570973,
      1.0461562998405103,
      3.5833811802232853,
      3.520988835725678,
      5.295552897395027,
      5.223673577884119,
      -0.14274322169059012,
      4.620861244019139
    ],
    "stds": [
      0.6902741953959479,
      0.2073916157942499,
      0.2073916157942499,
      0.8466640684894079,
      0.4246585253012621,
      0.18000226104738237,
      3.516304902142598,
      3.555195858985988,
      0.8328107296547238,
      1.05516443663041,
      1.6740018006398734,
      1.6950033459491336,
      0.4522501973459845,
      0.4958442299706312,
      0.925454741154248,
      1.8936775251514295
    ],
    "epsilon": 1e-08
  },
  "training": {
    "data_source": "2000 games",
    "num_games": 2000,
    "gamma": 0.97,
    "lambda1": 0.0,
    "lambda2": 0.0,
    "val_loss": 0.5568243911350839,
    "train_loss": 0.5551024265364867,
    "notes": "Trained with dual-perspective terminal states"
  }
}