{
  "name": "baseline_v2_term_x10_no_norm",
  "model_type": "linear",
  "created": "2025-12-03T21:58:30.470622",
  "elo": null,
  "weights": {
    "material_diff_students": 0.24670257675012275,
    "my_master_alive": 8.823869334685536,
    "opp_master_captured": 15.090593536877655,
    "my_master_threats": 0.28972976680411316,
    "opp_master_threats": 0.034767433230834074,
    "opp_shrine_threat": -0.13716867616722367,
    "my_legal_moves": 0.020794992996835175,
    "opp_legal_moves": 0.0022685850179554002,
    "my_capture_moves": 0.1914687392501314,
    "opp_capture_moves": -0.124876525446372,
    "my_master_temple_distance": -0.6711681761396114,
    "opp_master_temple_distance": 0.6845876434823096,
    "my_student_progress": -0.23686693437723724,
    "opp_student_progress": 0.12169954597870121,
    "central_control_diff": -0.3485931592099493,
    "master_escape_options": -0.16239058214907984
  },
  "bias": -7.992106702642025,
  "normalization": {
    "means": [
      0.0,
      0.0,
      0.0,
      0.0,
      0.0,
      0.0,
      0.0,
      0.0,
      0.0,
      0.0,
      0.0,
      0.0,
      0.0,
      0.0,
      0.0,
      0.0
    ],
    "stds": [
      1.0,
      1.0,
      1.0,
      1.0,
      1.0,
      1.0,
      1.0,
      1.0,
      1.0,
      1.0,
      1.0,
      1.0,
      1.0,
      1.0,
      1.0,
      1.0
    ],
    "epsilon": 1e-08
  },
  "training": {
    "data_source": "2000 games",
    "num_games": 2000,
    "gamma": 0.97,
    "lambda1": 0.0,
    "lambda2": 0.0,
    "val_loss": 0.23770190960300597,
    "train_loss": 0.23678164922632247,
    "notes": "Trained with 10x terminal weight, NO normalization"
  }
}