{
  "name": "baseline_v2_term_x50",
  "model_type": "linear",
  "created": "2025-12-03T21:47:48.072715",
  "elo": null,
  "weights": {
    "material_diff_students": 0.13037969043302222,
    "my_master_alive": 4.095014400363621,
    "opp_master_captured": 3.1618144718957977,
    "my_master_threats": 0.28831138808012374,
    "opp_master_threats": -0.09078346178319713,
    "opp_shrine_threat": 0.06409148317289744,
    "my_legal_moves": 0.1421223952349408,
    "opp_legal_moves": 0.023228627095321558,
    "my_capture_moves": 0.14144881476592053,
    "opp_capture_moves": -0.13004729625884257,
    "my_master_temple_distance": -1.6740814748224155,
    "opp_master_temple_distance": 1.5861681329043558,
    "my_student_progress": -0.09234345896354526,
    "opp_student_progress": 0.0831212646136718,
    "central_control_diff": -0.4938475734212251,
    "master_escape_options": -0.48592779200878045
  },
  "bias": -0.1999611340765954,
  "normalization": {
    "means": [
      -0.026730462519936205,
      0.9549601275917066,
      0.04503987240829346,
      0.7803827751196172,
      0.1142902711323764,
      0.03352472089314194,
      14.112822966507178,
      14.80287081339713,
      0.4162360446570973,
      1.0461562998405103,
      3.5833811802232853,
      3.520988835725678,
      5.295552897395027,
      5.223673577884119,
      -0.14274322169059012,
      4.620861244019139
    ],
    "stds": [
      0.6902741953959479,
      0.2073916157942499,
      0.2073916157942499,
      0.8466640684894079,
      0.4246585253012621,
      0.18000226104738237,
      3.516304902142598,
      3.555195858985988,
      0.8328107296547238,
      1.05516443663041,
      1.6740018006398734,
      1.6950033459491336,
      0.4522501973459845,
      0.4958442299706312,
      0.925454741154248,
      1.8936775251514295
    ],
    "epsilon": 1e-08
  },
  "training": {
    "data_source": "2000 games",
    "num_games": 2000,
    "gamma": 0.97,
    "lambda1": 0.0,
    "lambda2": 0.0,
    "val_loss": 0.07106120823712445,
    "train_loss": 0.07026565364501353,
    "notes": "Terminal weight multiplier: 50x"
  }
}