{
  "name": "baseline_v2_with_terminal",
  "model_type": "linear",
  "created": "2025-12-03T21:14:29.095293",
  "elo": null,
  "weights": {
    "material_diff_students": 0.23344166218127882,
    "my_master_alive": 0.0,
    "opp_master_captured": 3.4870462209143587,
    "my_master_threats": -0.22467039251222717,
    "opp_master_threats": 6.50097960677581,
    "opp_shrine_threat": -0.5858668686716311,
    "my_legal_moves": -0.04892346906017677,
    "opp_legal_moves": -0.07653193166431543,
    "my_capture_moves": 0.2504522013950463,
    "opp_capture_moves": 0.017342680107298485,
    "my_master_temple_distance": -0.3872583616869521,
    "opp_master_temple_distance": 0.24580260551815458,
    "my_student_progress": 0.0761402345651703,
    "opp_student_progress": -0.14909043045532147,
    "central_control_diff": 0.1461718013203091,
    "master_escape_options": -0.12707398133349584
  },
  "bias": 2.2444802513862947,
  "normalization": {
    "means": [
      -0.017477609945194494,
      1.0,
      0.047119369068306376,
      0.8220157732923405,
      0.05861515840128325,
      0.02559818206122176,
      14.23382569175244,
      14.755681058681994,
      0.36405560753909905,
      1.0406362785723833,
      3.2777369335650315,
      3.62966180991846,
      5.310859733547209,
      5.22805551842445,
      -0.13123245555407032,
      4.851858040368935
    ],
    "stds": [
      0.6850187896790764,
      0.0,
      0.21189415784049007,
      0.8446750891125523,
      0.24438549169803245,
      0.157933261653082,
      3.489471444540852,
      3.568972022298921,
      0.76494987817262,
      1.0314948519680431,
      0.9417382959632552,
      1.635105536924242,
      0.4529135635523255,
      0.5167776819366001,
      0.9144616703864208,
      1.6335758120134376
    ],
    "epsilon": 1e-08
  },
  "training": {
    "data_source": "2000 games",
    "num_games": 2000,
    "gamma": 0.97,
    "lambda1": 0.0,
    "lambda2": 0.0,
    "val_loss": 0.545164047323959,
    "train_loss": 0.5439709287261004,
    "notes": "Trained with terminal states"
  }
}