{
  "name": "baseline_v1_l1",
  "model_type": "linear",
  "created": "2025-11-30T12:55:51.294817",
  "elo": 1004,
  "weights": {
    "material_diff_students": 0.33805101120378767,
    "my_master_alive": 0.0,
    "opp_master_captured": 0.0,
    "my_master_threats": -0.07522049245358756,
    "opp_master_threats": 7.276120354631153,
    "opp_shrine_threat": -0.8818130476333791,
    "my_legal_moves": 0.0785932696151705,
    "opp_legal_moves": -0.2967256325676094,
    "my_capture_moves": 0.2380646236075833,
    "opp_capture_moves": 0.0746273593300371,
    "my_master_temple_distance": -0.028185065812091528,
    "opp_master_temple_distance": 0.002765388353592238,
    "my_student_progress": 0.11859102586379214,
    "opp_student_progress": -0.14123283795512132,
    "central_control_diff": 0.08052156286741063,
    "master_escape_options": -0.05763533755760742
  },
  "bias": 2.2203786556597165,
  "normalization": {
    "means": [
      -0.02377715506478373,
      1.0,
      0.0,
      0.39090808201315097,
      0.18874677468579196,
      0.035346669256166245,
      12.756291096745555,
      13.622908747884471,
      0.3888549787753517,
      0.6275975917653913,
      3.6727658629969757,
      3.517090697222762,
      5.34979284003365,
      5.283779097189477,
      -0.17079599367422246,
      3.8491246566601003
    ],
    "stds": [
      0.6180210156704938,
      0.0,
      0.0,
      0.6995387039435319,
      0.5418161948964821,
      0.18465449420110067,
      3.4356331587743805,
      3.454405997549886,
      0.8072670080794603,
      0.990870971927061,
      0.6934066872107131,
      0.8264692459106404,
      0.38057508671010376,
      0.4547230515530508,
      0.8173102232134162,
      1.7674543244684615
    ],
    "epsilon": 1e-08
  },
  "training": {
    "data_source": "10000 games",
    "num_games": 10000,
    "gamma": 0.97,
    "lambda1": 0.01,
    "lambda2": 0.0,
    "val_loss": 0.5434795762612226,
    "train_loss": 0.5431169357727406,
    "notes": "L1-only regularization on 4000 games (step 3 + step 5)"
  }
}