{
  "name": "baseline_v2_term_x10",
  "model_type": "linear",
  "created": "2025-12-03T21:47:18.875336",
  "elo": null,
  "weights": {
    "material_diff_students": 0.17045032035039473,
    "my_master_alive": 4.27297142150023,
    "opp_master_captured": 2.9850400597051205,
    "my_master_threats": 0.2451595146034676,
    "opp_master_threats": 0.014488045478377246,
    "opp_shrine_threat": -0.024612450316491886,
    "my_legal_moves": 0.07340168068559287,
    "opp_legal_moves": 0.008444601537573823,
    "my_capture_moves": 0.15968822188668014,
    "opp_capture_moves": -0.13149633852384848,
    "my_master_temple_distance": -1.1228143400168824,
    "opp_master_temple_distance": 1.16015014825561,
    "my_student_progress": -0.10638916922538419,
    "opp_student_progress": 0.060619125445821875,
    "central_control_diff": -0.32222356209435843,
    "master_escape_options": -0.30780245661307404
  },
  "bias": -0.26675357166886676,
  "normalization": {
    "means": [
      -0.026730462519936205,
      0.9549601275917066,
      0.04503987240829346,
      0.7803827751196172,
      0.1142902711323764,
      0.03352472089314194,
      14.112822966507178,
      14.80287081339713,
      0.4162360446570973,
      1.0461562998405103,
      3.5833811802232853,
      3.520988835725678,
      5.295552897395027,
      5.223673577884119,
      -0.14274322169059012,
      4.620861244019139
    ],
    "stds": [
      0.6902741953959479,
      0.2073916157942499,
      0.2073916157942499,
      0.8466640684894079,
      0.4246585253012621,
      0.18000226104738237,
      3.516304902142598,
      3.555195858985988,
      0.8328107296547238,
      1.05516443663041,
      1.6740018006398734,
      1.6950033459491336,
      0.4522501973459845,
      0.4958442299706312,
      0.925454741154248,
      1.8936775251514295
    ],
    "epsilon": 1e-08
  },
  "training": {
    "data_source": "2000 games",
    "num_games": 2000,
    "gamma": 0.97,
    "lambda1": 0.0,
    "lambda2": 0.0,
    "val_loss": 0.23769988122627317,
    "train_loss": 0.23678075869394363,
    "notes": "Terminal weight multiplier: 10x"
  }
}