{
  "name": "baseline_v2_term_x100",
  "model_type": "linear",
  "created": "2025-12-03T21:48:14.439177",
  "elo": null,
  "weights": {
    "material_diff_students": 0.0982838604378017,
    "my_master_alive": 4.172776305562549,
    "opp_master_captured": 3.2727318266654715,
    "my_master_threats": 0.29162084633966334,
    "opp_master_threats": -0.13456098098308084,
    "opp_shrine_threat": 0.10986248147918343,
    "my_legal_moves": 0.17314686978140184,
    "opp_legal_moves": 0.027690506381632205,
    "my_capture_moves": 0.12762960784464902,
    "opp_capture_moves": -0.11382221498712777,
    "my_master_temple_distance": -1.9491960545030258,
    "opp_master_temple_distance": 1.8191939935985475,
    "my_student_progress": -0.07650448001567481,
    "opp_student_progress": 0.0858654986871595,
    "central_control_diff": -0.5740580559399884,
    "master_escape_options": -0.5602807947007294
  },
  "bias": -0.19489447902532378,
  "normalization": {
    "means": [
      -0.026730462519936205,
      0.9549601275917066,
      0.04503987240829346,
      0.7803827751196172,
      0.1142902711323764,
      0.03352472089314194,
      14.112822966507178,
      14.80287081339713,
      0.4162360446570973,
      1.0461562998405103,
      3.5833811802232853,
      3.520988835725678,
      5.295552897395027,
      5.223673577884119,
      -0.14274322169059012,
      4.620861244019139
    ],
    "stds": [
      0.6902741953959479,
      0.2073916157942499,
      0.2073916157942499,
      0.8466640684894079,
      0.4246585253012621,
      0.18000226104738237,
      3.516304902142598,
      3.555195858985988,
      0.8328107296547238,
      1.05516443663041,
      1.6740018006398734,
      1.6950033459491336,
      0.4522501973459845,
      0.4958442299706312,
      0.925454741154248,
      1.8936775251514295
    ],
    "epsilon": 1e-08
  },
  "training": {
    "data_source": "2000 games",
    "num_games": 2000,
    "gamma": 0.97,
    "lambda1": 0.0,
    "lambda2": 0.0,
    "val_loss": 0.039553961951371945,
    "train_loss": 0.03871583244255809,
    "notes": "Terminal weight multiplier: 100x"
  }
}